"State","Regional Center","Regional Center ID"
"Alabama","ALC Southeast, LLC","RC2200000218"
"Alabama","American Real Estate Capital Group LLC Regional Center","RC2200000626"
"Alabama","Baypointe EB5 Regional Center, LLC","ID1435252136"
"Alabama","Carolina Global Regional Center Corporation","ID1224250744"
"Alabama","CIG Southeast Regional Center LLC","RC2200000751"
"Alabama","EB5 Affiliate Network Southeast Regional Center LLC f/k/a Affiliate Network State of Georgia Regional Center LLC (former name EB5 Affiliate Network Southeast Regional Center, LLC)","RC2200001155"
"Alabama","Gulf Coast Regional Investment Center, LLC","ID1031910068"
"Alabama","Gulf States Regional Center, LLC","ID1201750575"
"Alabama","LD Capital SE Regional Center, LLC","ID1622654384"
"Alabama","New Orleans & Gulf Coast Regional Center, LLC","ID1216350684"
"Alabama","Reentry Regional Center South, LLC","RC2200001375"
"Alabama","Smith Delta Regional Center, LLC","RC2400008710"
"Alabama","EB5 Capital - Southeast Regional Center LLC","ID1635654886"
"Alabama","Smoky Mountain Regional Center LLC","RC2400006421"
"Alabama","Southeast Regional Center LLC","RC2300002263"
"Alabama","Sunbelt EB-5 Regional Center, LLC","ID1031910052"
"Alabama","EB-5 Inc Regional Center, LLC","RC2400009214"
"Alabama","EC Regional Center LLC","RC2300005461"
"Alabama","Carolina Center for Foreign Investment, LLC aka Carolina Center for Foreign Investment Regional Center","RC2300002603"
"Alabama","CMB Regional Centers South LLC","RC2200000347"
"Alabama","Peachtree South Regional Center LLC","RC2400008126"
"Alabama","EB5 United South Regional Center LLC","RC2300003307"
"Arizona","American Lending Center Southwest LLC","RC2200000169"
"Arizona","America West Regional Center, LLC","ID1224050742"
"Arizona","American Lending Center Arizona, LLC","ID1635754948"
"Arizona","BC West Coast Regional Center LLC","RC1713555547"
"Arizona","AZ Southwest Regional Center LLC","RC2400009360"
"Arizona","CanAm Mountain States Regional Center, LLC","RC2300003017"
"Arizona","Civitas Mountain Regional Center","RC2300003865"
"Arizona","EB5 Affiliate Network State of Arizona Regional Center, LLC","ID1427951901"
"Arizona","EB5 Capital – Mountain Regional Center LLC","RC2200000564"
"Arizona","EB5AN Southwest Regional Center LLC","ID2200000238"
"Arizona","Green Card Fund, LLC","ID1031910171"
"Arizona","Investment Fund of America, LLC","RC2300002637"
"Arizona","LCP Southwest Regional Center LLC","RC2400006580"
"Arizona","Smith Rockies Regional Center LLC","RC2200001021"
"Arizona","Smith Western Regional Center (former name Western Pacific Regional Center)","ID1418251794"
"Arizona","Sun Corridor Regional Center, LLC","ID1410151729"
"Arizona","Zephyrus Regional Center LLC","ID1636255049"
"Arizona","First America Southwest, LLC","RC2300002464"
"Arizona","3G West Coast Regional Center, LLC (former name Halic Capital, LLC)","RC2200000231"
"Arizona","Monterey Northern California Regional Center, LLC","ID1605754265"
"Arizona","Universal Regional Center","RC2300002408"
"Arizona","Blue Ribbon Regional Center, LLC","ID1113350203"
"Arizona","EB5 United Rockies Regional Center LLC","RC2200000443"
"Arizona","Civitas Las Vegas Regional Center","ID1331251278"
"Arizona","CMB Regional Centers West LLC","RC2200000270"
"Arkansas","ALC Southeast, LLC","RC2200000218"
"Arkansas","EB5 Capital – Texas Regional Center, LLC","RC2300004915"
"Arkansas","Civitas Central Regional Center, LLC","RC2300002995"
"Arkansas","Pine State Regional Center, LLC","ID1330951265"
"Arkansas","Smith Delta Regional Center, LLC","RC2400008710"
"Arkansas","Smith Texarkana Regional Center, LLC","RC2300003396"
"Arkansas","Mid America Fund LLC","RC2300004564"
"Arkansas","EB5AN Midwest Regional Center, LLC","ID1421751842"
"Arkansas","Dhanani EB-5 International, LLC","RC2400008818"
"Arkansas","CMB Regional Centers South LLC","RC2200000347"
"Arkansas","Peachtree South Regional Center LLC","RC2400008126"
"California","BC West Coast Regional Center LLC","RC1713555547"
"California","Investment Fund of America, LLC","RC2300002637"
"California","First America Southwest, LLC","RC2300002464"
"California","168 America Regional Center, LLC","ID1235250868"
"California","Aboard America Regional Center, LLC","ID1226250764"
"California","ABC Global RC, LLC","ID1822856503"
"California","Admiralty California Regional Center LLC","ID1033650026"
"California","Admiralty Sierra Regional Center, LLC","RC2300005725"
"California","Advantage America California Regional Center, LLC","RC2300005772"
"California","Advantage America Southern California Regional Center, LLC","ID1515652735"
"California","ALC West LLC","RC220000407"
"California","Alka Empire Regional Center LLC","RC2300004748"
"California","American Advancement Capital Co.","ID1320451180"
"California","American Alliance Regional Center","ID1109050190"
"California","America FX Regional Center, LLC","ID1506352614"
"California","America FX Regional Center, LLC","RC2300003954"
"California","American Dreams RC, LLC","RC2300005214"
"California","American Everglow Regional Center, LLC","ID1332651296"
"California","American Gateway Regional Centers LLC","RC2300002248"
"California","American Greenland Regional Center","ID1034350088"
"California","American Lending Center LLC (former name United States Employment Development Lending Center)","ID1031910173"
"California","American National Regional Center d.b.a. EB5 Financial Regional Center","ID1635854973"
"California","American National Regional Center Southern California","ID1513952714"
"California","American Redevelopment RC / American Redevelopment Solutions LLC","ID1031910091"
"California","American Vantage Regional Center","ID1034350085"
"California","Anchor Solutions Regional Center, LLC","ID1424151870"
"California","ARC Atlantic Regional Center, LLC","ID1409051723"
"California","Art District Los Angeles Regional Center, LLC","ID1308851116"
"California","Awesome American Regional Center LLC","ID1634454667"
"California","BC West Coast Regional Center, LLC","ID1713555547"
"California","Beresford Regional Center","ID1527553326"
"California","Behring Regional Center","ID1316551161"
"California","Broadway Regional Center, LLC","ID1527353225"
"California","CA EB5 Express","ID1405051688"
"California","OneWorld Regional Center","ID1632254540"
"California","California Agricultural Greenhouse Regional Center, LLC","ID1513252703"
"California","California Consortium for Agricultural Export (CCAE)","ID1031910155"
"California","California EB-5 Regional Center, LLC","RC2200000165"
"California","California Energy Investment Center","ID1031910100"
"California","Southern California Regional Center, LLC","ID1033650021"
"California","California Green Regional Center","ID1031910187"
"California","California Greenhouse Farm Regional Center","ID1114050205"
"California","California Investment Regional Center, LLC","ID1312651131"
"California","California One Investment Center, LLC","ID1326051211"
"California","California Real Estate Regional Center","ID1034250070"
"California","California State Regional Center","ID1034350091"
"California","California Sunshine Regional Center LLC","ID1127150321"
"California","California Wineries & Vineyards, LLC Regional Center (CWVRC)","ID1031910125"
"California","CanAm California Regional Center LLC (former name CanAm Los Angeles Conty Regional Center and Los Angeles Film Regional Center)","ID1031910146"
"California","Century American Regional Center","ID1031910058"
"California","Civitas NorCal Regional Center","ID1329651244"
"California","Civitas Pacific Regional Center LLC","RC2300003456"
"California","Civitas SoCal Regional Center, LLC","ID1329451239"
"California","CMB Export LLC","ID1031910156"
"California","Continental Regional Center LLC (former name USA Continental Regional Center, LLC)","ID1034350082"
"California","CV West Coast Regional Center, LLC","ID1503652586"
"California","Delvelyn Regional Center, LLC","ID1635854984"
"California","Discovery California, LLC","ID1621554373"
"California","Dos Lagos Regional Center LLC","ID1031910088"
"California","JDC Regional Center LLC (former name DoubleDoor EB5 Management LLC)","RC2300005776"
"California","Eagle EB-5 Regional Center","ID1527353209"
"California","EB5 Affiliate Network State of California Regional Center, LLC","ID1403151667"
"California","3G West Coast Regional Center, LLC (former name Halic Capital, LLC)","RC2200000231"
"California","EB5 Capital - California Regional Center","ID1217050690"
"California","EB-5 Impact Capital Regional Center, LLC","ID1410551734"
"California","EB5 United West Regional Center, LLC","ID1416151777"
"California","Emerald Pond Regional Center","ID1423951863"
"California","Encore California RC, LLC","ID1322151190"
"California","FDIUS Regional Center","ID1031910159"
"California","Gateway Secured Regional Center, LLC","ID1326951220"
"California","Genesis Global Regional Center, LLC","RC2300003472"
"California","Gladstone Regional Center, LLC","ID1635855005"
"California","Global Pacific Regional Center (former name American Sun Regional Center)","ID1129050334"
"California","Global Premier America Regional Center LLC","ID1031910066"
"California","Golden Bear Regional Center","ID1034350084"
"California","Golden Gate Global (former name San Francisco Bay Area Regional Center)","ID1031910162"
"California","Golden Opportunity Regional Center","ID1209050631"
"California","Grand Commonwealth Regional Center, LLC","ID1630654501"
"California","Green Energy Regional Center, LLC (GERC)","ID1031910160"
"California","Greystone EB5 West RC LLC","ID1621754379"
"California","Group I Regional Center, LLC","ID1329651243"
"California","GSC Western Regional Center, LLC","RC2300005279"
"California","Happy Family USA Regional Center","ID1527153031"
"California","Hollywood Regional Center","ID1031910034"
"California","Home Paradise Regional Center","ID1031910071"
"California","Inland Empire Renewable Energy Regional Center, LLC","ID1031910076"
"California","Invest LA Regional Center, LLC","ID1031910016"
"California","JKML Regional Center LLC","RC2400008845"
"California","JW Investment Regional Center LLC","RC2019958129"
"California","L.A. Life Regional Center","ID1223050736"
"California","LA Growth Fund, LLC","ID1510551756"
"California","Live in America – California Regional Center LLC","RC2200001261"
"California","Local Equity Regional Center LLC","RC2300004157"
"California","Los Angeles International Regional Center, LLC","ID1635754919"
"California","Los Angeles Regional Center","ID1031910112"
"California","M&D Regional Center, LLC","ID1031910158"
"California","Mebo Property Development Regional Center, LLC (former name Mebo Property Development LLC )","ID1116850232"
"California","Mirae Creative Development, LLC","RC2300004402"
"California","Monterey Northern California Regional Center, LLC","ID1605754265"
"California","Monterey Southern California Regional Center, LLC","ID1605754264"
"California","National Eb-5 Wealth Center of California LLC","ID1720555580"
"California","NewGen CA Regional Center, LLC","RC2200000791"
"California","New World Real Estate & Development LLC (former name New World Regional Center)","ID1031910086"
"California","North Valley Regional Center","ID1228350780"
"California","Norton Group Regional Center, LLC","RC2300003491"
"California","OIS-NCA LLC","ID1220750714"
"California","Pacific Coast USA Regional Center LLC","RC2300002990"
"California","Pacific Dynasty Regional Center","ID1034250060"
"California","Pine State Regional Center Northwest LLC","RC2400009046"
"California","Proficiency Regional Center LLC","ID1509751749"
"California","Rancon Regional Center, LLC","ID1228950786"
"California","Regional Center Enterprises I, LLC","ID1332951299"
"California","Regional Center Properties, LLC","ID1031910143"
"California","San Diego EB-5 Regional Center","ID1512652684"
"California","San Diego Regional Center, LLC","ID1224350747"
"California","San Francisco EB-5 Regional Center, LLC","ID1108750186"
"California","SPI EB5 Pacific RC, LLC","RC2200000409"
"California","Smith Western Regional Center (former name Western Pacific Regional Center)","ID1418251794"
"California","SoCal Investment Regional Center","ID1506552616"
"California","Southern California Health and Hospitality Regional Center, LLC","ID1236350951"
"California","Southern California Commercial Regional Center LLC (former name US Commercial Regional Center)","ID1031910201"
"California","SPI EB5 CA, LLC","RC2300002907"
"California","SRC LA, LLC","ID1635754951"
"California","Summit Regional Center","ID1432151982"
"California","Sun Island Regional Center","ID1523052865"
"California","Toma Regional Center","RC2200000476"
"California","U.S. Immigration Fund – CA, LLC","ID1705355468"
"California","United Venture Regional Center, LLC","ID1034150055"
"California","Universal Regional Center","RC2300002408"
"California","Vegas Regional Center, LLC","ID1625654407"
"California","Waylee Investment, LLC","ID1205350598"
"California","WC Regional Center LLC","RC2300005222"
"California","West Coast EB5 Regional Center, LLC","ID1635654888"
"California","West Coast Regional Center, Inc.","ID1400251560"
"California","West Maingate Regional Center, LLC (former name US Maingate Regional Center, LLC)","ID1321251184"
"California","Western Capital Regional Center","ID1336551549"
"California","Western Fortune Regional Center, LLC","ID1425151878"
"California","YK America Regional Center LLC","ID1031910113"
"California","Zephyrus Regional Center LLC","ID1636255049"
"California","EB5 United Rockies Regional Center LLC","RC2200000443"
"California","ARCG Nevada Regional Center LLC (former name Geothermal Regional Center LLC)","RC2300002370"
"California","CMB Regional Centers West LLC","RC2200000270"
"California","RC-AJC Regional Center LLC","RC2400009642"
"California","EB5AN Far West Regional Center LLC","RC2200000215"
"Colorado","CanAm Mountain States Regional Center, LLC","RC2300003017"
"Colorado","Civitas Mountain Regional Center","RC2300003865"
"Colorado","Monterey Northern California Regional Center, LLC","ID1605754265"
"Colorado","ALC Rocky Mountain LLC","RC2200000299"
"Colorado","American Lending Center Colorado Regional Center, LLC","ID1614054323"
"Colorado","Asian Physicians & Professional EB5 Regional Center LLC","RC2300005502"
"Colorado","Biz51 Group Regional Center LLC","RC2300003696"
"Colorado","Civitas Denver Regional Center, LLC","ID1308751115"
"Colorado","CMB Colorado Regional Center, LLC","ID1423251852"
"Colorado","Colorado Rocky Mountain High Regional Center, LLC","ID1635855003"
"Colorado","EB5 Capital – Mountain Regional Center LLC","RC2200000564"
"Colorado","InvestAmerica EB-5","ID1031910164"
"Colorado","KCI Colorado Regional Center, LLC","ID1307251105"
"Colorado","LCP Colorade Regional Center LLC","RC2300003471"
"Colorado","Mountain West Regional Center, LLC","RC2300003482"
"Colorado","Rosewood Regional Center LLC","RC2400009182"
"Colorado","Global Crossing, LLC (former name Smith Mountain Regional Center, LLC)","RC2400011127"
"Colorado","Smith Rockies Regional Center LLC","RC2200001021"
"Colorado","Green Pathway Regional Center, LLC","RC2300004593"
"Colorado","Blue Ribbon Regional Center, LLC","ID1113350203"
"Colorado","EB5 United Rockies Regional Center LLC","RC2200000443"
"Colorado","Mid-America Rural Development Inc.","RC2200001268"
"Colorado","CMB Regional Centers West LLC","RC2200000270"
"Commonwealth of Northern Marianas Islands","American Northern Marianas Regional Center, LLC","ID1226950769"
"Commonwealth of Northern Marianas Islands","Invest CNMI, LLC","ID1435352159"
"Connecticut","ALC New England LLC","RC2200000451"
"Connecticut","Allstates QSR Regional Center, LLC","ID1630654500"
"Connecticut","American EB-5 Properties Regional Center, LLC","ID1435652190"
"Connecticut","AscendAmerica, LLC","ID1335251379"
"Connecticut","BC East Coast Regional Center LLC","ID1114050206"
"Connecticut","New York EB5, LLC (former name Smith Atlantic Regional Center LLC) (former name Atlantic Coast Regional Center, LLC)","RC2300005095"
"Connecticut","A 1 Regional Center","RC2200001023"
"Connecticut","Auric Ventures International Regional Center","ID1619754363"
"Connecticut","EB5AN Northeast Regional Center, LLC","ID1404251680"
"Connecticut","CanAm Northeast Regional Center, LLC","RC2300003285"
"Connecticut","Civitas Northeast Regional Center LLC","RC2300003508"
"Connecticut","EB5 Capital - New York Regional Center","ID1428751914"
"Connecticut","EB5 Fund, Inc.","ID1326751218"
"Connecticut","EB5 United Northeast Regional Center, LLC","RC2400009132"
"Connecticut","Greystone EB5 Northeast RC, LLC","ID1512652685"
"Connecticut","Harmonia Regional Center New York","ID1516152743"
"Connecticut","LCR Overseas Regional Center, LLC","ID1402951663"
"Connecticut","EB5 Northeast RC, LLC (former name Liberty Harbor Regional Center, LLC)","ID1627454444"
"Connecticut","Lightstone New York Regional Center, LLC","ID1403751677"
"Connecticut","Live in America - Connecticut Regional Center","ID1316351160"
"Connecticut","LUC Capital, LLC","RC2300001605"
"Connecticut","Manhattan Metropolitan Regional Center","ID1501652543"
"Connecticut","Mid-Atlantic Regional Center","ID1434252044"
"Connecticut","Midtown NYC Regional Center, LLC","ID1527253114"
"Connecticut","Mugo Regional Center LLC","ID1610954307"
"Connecticut","New Empire EB-5 Regional Center, LLC","ID1431451970"
"Connecticut","New England Family Regional Center LLC (former name New England Federal Regional Center)","ID1205450600"
"Connecticut","New York City Transportation Regional Center LLC","ID1636255031"
"Connecticut","New York Connecticut Regional Center, LLC","ID1322551193"
"Connecticut","Northeast Regional Center, Inc.","ID1328051229"
"Connecticut","NY Entrepreneurs Fund, LLC","ID1514652724"
"Connecticut","NY Hudson Capital Partners LLC","RC2400008901"
"Connecticut","NYC Liberty Green Regional Center, LLC","ID1635854999"
"Connecticut","NYNJ Regional Center LLC","RC2400007982"
"Connecticut","Smith New England Regional Center LLC","RC2200000340"
"Connecticut","Northern Regional Center, LLC, formerly known as SRC NY, LLC","ID1635554842"
"Connecticut","United Land RC LLC","ID1601954225"
"Connecticut","USCFID New York LLC","ID1421951844"
"Connecticut","USANY Regional Center LLC","RC2300005057"
"Connecticut","VR EB-5 Express, LLC","ID1504452595"
"Connecticut","Century Regional Center, LLC (former name Century New York City Regional Center)","RC2300005527"
"Connecticut","Civitas New York Regional Center, LLC","ID1307451108"
"Connecticut","Manhattan Regional Center, LLC","ID1031910027"
"Connecticut","CMB Regional Centers New England LLC","RC2200000394"
"Connecticut","Peachtree Northeast Regional Center LLC","RC2400008691"
"Connecticut","Metropolis Regional Center, LLC","RC2400009628"
"Connecticut","CMB Regional Centers Northeast LLC","RC2400008351"
"Delaware","ALC Mideast LLC","RC2200000303"
"Delaware","New York EB5, LLC (former name Smith Atlantic Regional Center LLC) (former name Atlantic Coast Regional Center, LLC)","RC2300005095"
"Delaware","CanAm New York Metropolitan Regional Center, LLC (former name New York Metropolitan Regional Center)","ID1227250772"
"Delaware","CMB Pennsylvania Regional Center, LLC","ID1234850855"
"Delaware","Delaware Valley Regional Center, LLC","ID1313451137"
"Delaware","EB5AN D.C. and Carolinas Regional Center LLC","ID1421751841"
"Delaware","Greystone EB5 Northeast RC, LLC","ID1512652685"
"Delaware","Mid-Atlantic Regional Center","ID1434252044"
"Delaware","Northeast Regional Center, Inc.","ID1328051229"
"Delaware","Civitas Southeast Regional Center LLC","RC2300003501"
"Delaware","Smith Central Atlantic Regional Center, LLC","RC2200000367"
"Delaware","EB-5 Visa Guide Regional Center LLC","RC2400009048"
"Delaware","EB5 Capital - DC Regional Center","RC2200000001"
"Delaware","EB5AN NC and Great Lakes Regional Center, LLC","ID1403151664"
"Delaware","CMB Regional Centers South LLC","RC2200000347"
"Delaware","Peachtree South Regional Center LLC","RC2400008126"
"Delaware","EB5 United South Regional Center LLC","RC2300003307"
"District of Columbia","ALC Mideast LLC","RC2200000303"
"District of Columbia","Allstates QSR Regional Center, LLC","ID1630654500"
"District of Columbia","American Heritage Regional Center, LLC","ID1525452912"
"District of Columbia","CanAm Greater Washington Regional Center LLC (former name American Lending Center Virginia, LLC)","RC2300001489"
"District of Columbia","New York EB5, LLC (former name Smith Atlantic Regional Center LLC) (former name Atlantic Coast Regional Center, LLC)","RC2300005095"
"District of Columbia","CanAm New York Metropolitan Regional Center, LLC (former name New York Metropolitan Regional Center)","ID1227250772"
"District of Columbia","Chesapeake Regional Center, LLC","ID1306051099"
"District of Columbia","Civitas Southeast Regional Center LLC","RC2300003501"
"District of Columbia","CMB Pennsylvania Regional Center, LLC","ID1234850855"
"District of Columbia","EB5AN D.C. and Carolinas Regional Center LLC","ID1421751841"
"District of Columbia","EB5 Capital - DC Regional Center","RC2200000001"
"District of Columbia","Greystone EB5 Northeast RC, LLC","ID1512652685"
"District of Columbia","Live in America - Washington D.C./Baltimore Regional Center LLC","ID1304651086"
"District of Columbia","Maryland Center for Foreign Investment, LLC","ID1031910002"
"District of Columbia","Maryland Global Regional Center, LLC","ID1335851436"
"District of Columbia","Northeast Regional Center, Inc.","ID1328051229"
"District of Columbia","Smith Central Atlantic Regional Center, LLC","RC2200000367"
"District of Columbia","EB-5 Visa Guide Regional Center LLC","RC2400009048"
"District of Columbia","Milou Chesapeake Regional Center LLC (former name Oriental Dolphin EB-5 Regional Center)","ID1034850134"
"District of Columbia","EB5AN NC and Great Lakes Regional Center, LLC","ID1403151664"
"District of Columbia","Peachtree South Regional Center LLC","RC2400008126"
"Florida","ALC Southeast, LLC","RC2200000218"
"Florida","Civitas Southeast Regional Center LLC","RC2300003501"
"Florida","Smith Central Atlantic Regional Center, LLC","RC2200000367"
"Florida","American EB5 Regional Center","ID1525452903"
"Florida","American Lending Center Florida, LLC","ID1432851998"
"Florida","EB5 for Florida Regional Center, LLC","ID1031910192"
"Florida","American Opportunity Regional Center LLC","RC2300002640"
"Florida","American Venture Solutions Regional Center","ID1031910037"
"Florida","ARCG Florida Regional Center, LLC","ID1421251836"
"Florida","BC Central Florida Regional Center LLC","ID1231850806"
"Florida","BC Southeast Regional Center, LLC","ID1713555548"
"Florida","CanAm Florida Regional Center, LLC","ID1414151759"
"Florida","Clearwater Beach Resort Regional Center, LLC","ID1307151103"
"Florida","CMB Southeast Regional Center, LLC","ID1231250800"
"Florida","CREI Florida Regional Center, LLC","RC2400008790"
"Florida","EB5 Affiliate Network State of Florida Regional Center, LLC","ID1403151665"
"Florida","EB5 Financing Management Company, LLC","ID1415451772"
"Florida","EB5 Florida Hotels & Investments Regional Center LLC","ID1435752249"
"Florida","EB5AN Southeast Regional Center LLC","ID2200000128"
"Florida","EB-5 Inc Regional Center, LLC","RC2400009214"
"Florida","EB-5 Visa Guide Regional Center LLC","RC2400009048"
"Florida","Education Fund SE Regional Center","ID1510551754"
"Florida","First America Florida LLC","RC2400008953"
"Florida","Florida EB5 Investments LLC Regional Center","ID1031910185"
"Florida","Florida EB-5 Quantum Investments, LLC","ID1508352632"
"Florida","Florida EB-5 Regional Center, LLC","ID1031910204"
"Florida","Florida Equity & Growth Fund Regional Center, LLC","ID1031910124"
"Florida","Florida First Regional Center, LLC (former name USEGF Florida Regional Center)","ID1502052556"
"Florida","Florida Overseas Investment Center RC","ID1031910161"
"Florida","Florida Regional Center, LLC","ID1031910194"
"Florida","Gold Coast Florida Regional Center","ID1031910179"
"Florida","Gulf Coast Regional Investment Center, LLC","ID1031910068"
"Florida","Gulf States Regional Center, LLC","ID1201750575"
"Florida","BC Southern Florida Regional Center, LLC (former name Miami Film Regional Center)","ID1335751407"
"Florida","LCP Florida Regional Center LLC","RC2300003464"
"Florida","My Florida Regional Center LLC DBA My EB5 Green Card Regional Center","ID1206950609"
"Florida","New Orleans & Gulf Coast Regional Center, LLC","ID1216350684"
"Florida","Omega Florida Regional Center","ID1209050632"
"Florida","Orlando Regional Center, LLC","ID1403751676"
"Florida","Palm Beach Investment and Finance, LLC, also known as Palm Beach Regional Center","ID1031910136"
"Florida","Green Card Solutions Regional Center (former name Shrimp House US LLC)","ID1423851860"
"Florida","Smith South Atlantic Regional Center","ID1436352266"
"Florida","EB5 Capital - Southeast Regional Center LLC","ID1635654886"
"Florida","Suncoast Growth Regional Center LLC","RC2400009045"
"Florida","Sunshine State Regional Center, Inc.","ID1324951207"
"Florida","EB5 Southeast Regional Center LLC (former name Greystone Florida Regional Center LLC)","ID1215650675"
"Florida","Southeast Regional Center LLC","RC2300002263"
"Florida","Dhanani EB-5 International, LLC","RC2400008818"
"Florida","CMB Regional Centers South LLC","RC2200000347"
"Florida","Peachtree South Regional Center LLC","RC2400008126"
"Georgia","ALC Southeast, LLC","RC2200000218"
"Georgia","Smoky Mountain Regional Center LLC","RC2400006421"
"Georgia","Civitas Southeast Regional Center LLC","RC2300003501"
"Georgia","Smith Central Atlantic Regional Center, LLC","RC2200000367"
"Georgia","American Opportunity Regional Center LLC","RC2300002640"
"Georgia","BC Southeast Regional Center, LLC","ID1713555548"
"Georgia","EB-5 Inc Regional Center, LLC","RC2400009214"
"Georgia","EB-5 Visa Guide Regional Center LLC","RC2400009048"
"Georgia","First America Florida LLC","RC2400008953"
"Georgia","Suncoast Growth Regional Center LLC","RC2400009045"
"Georgia","AHRC GA, LLC","ID1627454461"
"Georgia","American Development Fund EB5, LLC","RC2200000293"
"Georgia","Insignia Regional Center (former name American Investment and Immigration Center, LLC)","RC2400008970"
"Georgia","American Lending Center Georgia, LLC","ID1508952636"
"Georgia","American Pacific Regional Center","RC2200000737"
"Georgia","American Real Estate Capital Group LLC Regional Center","RC2200000626"
"Georgia","American Southern Regional Center, LLC","ID1527253113"
"Georgia","Atlanta EB5 Regional Center LLC","ID1031910163"
"Georgia","Carolina Global Regional Center Corporation","ID1224250744"
"Georgia","CIG Southeast Regional Center LLC","RC2200000751"
"Georgia","CMB Southeast Regional Center, LLC","ID1231250800"
"Georgia","CTP Atlantic American Regional Center LLC","RC2200000525"
"Georgia","Cumulus EB5 Foreign Investments, LLC","RC2300003498"
"Georgia","EB5 Affiliate Network Southeast Regional Center LLC f/k/a Affiliate Network State of Georgia Regional Center LLC (former name EB5 Affiliate Network Southeast Regional Center, LLC)","RC2200001155"
"Georgia","EB5AN Southeast Regional Center LLC","ID2200000128"
"Georgia","EC Regional Center LLC","RC2300005461"
"Georgia","Education Fund SE Regional Center","ID1510551754"
"Georgia","Georgia Center for Foreign Investment and Development","ID1031910096"
"Georgia","Georgia Regional Center, LLC","ID1034750105"
"Georgia","Invest Atlanta Regional Center","ID1502052555"
"Georgia","LD Capital SE Regional Center, LLC","ID1622654384"
"Georgia","MCFI Georgia","ID1235250867"
"Georgia","Piedmont Regional Center, Inc.","ID1400251561"
"Georgia","Reentry Regional Center South, LLC","RC2200001375"
"Georgia","Shyam Developers LLC","RC2300002811"
"Georgia","Shoora Regional Center, LLC","ID1801256371"
"Georgia","Smith South Atlantic Regional Center","ID1436352266"
"Georgia","EB5 Capital - Southeast Regional Center LLC","ID1635654886"
"Georgia","Southeast Foreign Investment Center LLC","ID1034350103"
"Georgia","Southeast Regional Center LLC","RC2300002263"
"Georgia","Southern States Regional Center","ID1216450686"
"Georgia","USCFID Georgia LLC","ID1414351763"
"Georgia","Carolina Center for Foreign Investment, LLC aka Carolina Center for Foreign Investment Regional Center","RC2300002603"
"Georgia","Dhanani EB-5 International, LLC","RC2400008818"
"Georgia","CMB Regional Centers South LLC","RC2200000347"
"Georgia","Peachtree South Regional Center LLC","RC2400008126"
"Georgia","EB5 United South Regional Center LLC","RC2300003307"
"Hawaii","Advantage America Hawaii Regional Center, LLC","ID1502352568"
"Hawaii","LCR Pacific Regional Center, LLC","ID1031910006"
"Hawaii","CMB Hawaii Regional Center, LLC","ID1635754912"
"Hawaii","Golden Pacific Ventures Regional Center","ID1031910119"
"Hawaii","Hawaii Economic Investment Center LLC","RC2300003487"
"Hawaii","CanAm Hawaii Regional Center, LLC","ID1031910132"
"Hawaii","Hawaiian Islands Regional Center LLC","ID1031910042"
"Hawaii","KCI Capital, Ltd.","ID1316951165"
"Hawaii","LCP Hawaii Regional Center LLC","RC2300003480"
"Hawaii","Smith Hawaii Regional Center, LLC","RC2200000408"
"Hawaii","Lexden-Hawaii Regional Center, LLC","ID1419751809"
"Hawaii","Civitas Hawaii Regional Center, LLC","RC2400009400"
"Idaho","CanAm Mountain States Regional Center, LLC","RC2300003017"
"Idaho","Civitas Mountain Regional Center","RC2300003865"
"Idaho","Pine State Regional Center Northwest LLC","RC2400009046"
"Idaho","ALC Rocky Mountain LLC","RC2200000299"
"Idaho","EB5AN Rocky Mountain Regional Center LLC","ID2200000438"
"Idaho","EB5 Capital – Mountain Regional Center LLC","RC2200000564"
"Idaho","Invest Idaho, LLC","RC2300003970"
"Idaho","Newlifeplan LTD","RC2300002650"
"Idaho","Pacific Northwest EB-5 Regional Center","ID1034750117"
"Idaho","Smith Rockies Regional Center LLC","RC2200001021"
"Idaho","Smith Western Regional Center (former name Western Pacific Regional Center)","ID1418251794"
"Idaho","EB5 United Rockies Regional Center LLC","RC2200000443"
"Idaho","CMB Regional Centers West LLC","RC2200000270"
"Illinois","Southeast Regional Center LLC","RC2300002263"
"Illinois","ALC Great Lakes LLC","RC2200000457"
"Illinois","American Ambition Regional Center Chicago, LLC","ID1301751068"
"Illinois","American Dream Fund Chicago Regional Center, LLC","ID1423051850"
"Illinois","American Lending Center Illinois, LLC","ID1504452596"
"Illinois","Blue Ribbon Regional Center, LLC","ID1113350203"
"Illinois","Chicago Metro Regional Center, LLC","ID1129150336"
"Illinois","Civitas Midwest Regional Center LLC","RC2300003713"
"Illinois","CMB Illinois Regional Center, LLC","ID1311251126"
"Illinois","EB5AN Midwest Regional Center, LLC","ID1421751842"
"Illinois","CanAm Midwest Regional Center, LLC","RC2300003481"
"Illinois","Freedom Partners Regional Center LLC","ID1304251084"
"Illinois","GO EB5 RC Regional Center LLC","ID1423151851"
"Illinois","Great Lakes Regional Center, LLC","ID1322451192"
"Illinois","Keystone Great Lakes Regional Center, LLC","ID1527453285"
"Illinois","LaSalle Street Regional Center","ID1430451950"
"Illinois","Midwest Metropolitan Regional Center, Inc","ID1336051451"
"Illinois","Mighty Rivers Regional Center","RC23000002922"
"Illinois","Smith Central Regional Center LLC (former name Central Western Regional Center LLC) (former name USA Midwest Regional Center LLC)","ID1505552608"
"Illinois","Smith Great Lakes Regional Center LLC","RC2200000265"
"Illinois","Triton Global Capital LLC","RC2300003355"
"Illinois","EB5AN NC and Great Lakes Regional Center, LLC","ID1403151664"
"Illinois","EB5 Capital – Midwest Regional Center LLC (former name Encore Nashville RC, LLC)","RC2300003502"
"Illinois","Peachtree Northeast Regional Center LLC","RC2400008877"
"Indiana","Southeast Regional Center LLC","RC2300002263"
"Indiana","Civitas Midwest Regional Center LLC","RC2300003713"
"Indiana","EB5AN Midwest Regional Center, LLC","ID1421751842"
"Indiana","CanAm Midwest Regional Center, LLC","RC2300003481"
"Indiana","ALC Great Lakes LLC","RC2200000457"
"Indiana","American Dream Fund Chicago Regional Center, LLC","ID1423051850"
"Indiana","Bluegrass International Fund, LLC","ID1410451731"
"Indiana","CMB Illinois Regional Center, LLC","ID1311251126"
"Indiana","EB5 of Ohio, LLC","ID1501652544"
"Indiana","Freedom Partners Regional Center LLC","ID1304251084"
"Indiana","Great Lakes Regional Center, LLC","ID1322451192"
"Indiana","Keystone Great Lakes Regional Center, LLC","ID1527453285"
"Indiana","KOIT Global Investments","ID1511852678"
"Indiana","LaSalle Street Regional Center","ID1430451950"
"Indiana","Midwest Center for Foreign Investment, LLC","ID1031910188"
"Indiana","Midwest Metropolitan Regional Center, Inc","ID1336051451"
"Indiana","Smith Central Regional Center LLC (former name Central Western Regional Center LLC) (former name USA Midwest Regional Center LLC)","ID1505552608"
"Indiana","Smith Great Lakes Regional Center LLC","RC2200000265"
"Indiana","EB5AN NC and Great Lakes Regional Center, LLC","ID1403151664"
"Indiana","EB5 Capital – Midwest Regional Center LLC (former name Encore Nashville RC, LLC)","RC2300003502"
"Indiana","Peachtree Northeast Regional Center LLC","RC2400008877"
"Iowa","Blue Ribbon Regional Center, LLC","ID1113350203"
"Iowa","EB5AN Midwest Regional Center, LLC","ID1421751842"
"Iowa","ALC Great Plains LLC","RC2200000307"
"Iowa","Liberty Nebraska Regional Center, LLC","ID1312251130"
"Iowa","Smith Central Regional Center LLC (former name Central Western Regional Center LLC) (former name USA Midwest Regional Center LLC)","ID1505552608"
"Iowa","Smith Great Plains Regional Center LLC","RC2200000365"
"Iowa","Peachtree Northeast Regional Center LLC","RC2400008877"
"Kansas","EB5AN Midwest Regional Center, LLC","ID1421751842"
"Kansas","ALC Great Plains LLC","RC2200000307"
"Kansas","Kansas Regional Center","ID1101050144"
"Kansas","Rural Economic Development Center LLC (formerly known as 1900 Gulf Street Partners Regional Center LLC)","RC2300003315"
"Kansas","Smith Central Regional Center LLC (former name Central Western Regional Center LLC) (former name USA Midwest Regional Center LLC)","ID1505552608"
"Kansas","Smith Great Plains Regional Center LLC","RC2200000365"
"Kansas","Peachtree Northeast Regional Center LLC","RC2400008877"
"Kentucky","ALC Southeast, LLC","RC2200000218"
"Kentucky","Smoky Mountain Regional Center LLC","RC2400006421"
"Kentucky","Southeast Regional Center LLC","RC2300002263"
"Kentucky","EB5AN Midwest Regional Center, LLC","ID1421751842"
"Kentucky","Mighty Rivers Regional Center","RC23000002922"
"Kentucky","Bluegrass International Fund, LLC","ID1410451731"
"Kentucky","Bluegrass International Fund Regional Center, LLC","ID1410451731"
"Kentucky","EB5 of Ohio, LLC","ID1501652544"
"Kentucky","KOIT Global Investments","ID1511852678"
"Kentucky","Live in America - South Regional Center LLC","ID1331851281"
"Kentucky","Midwest Center for Foreign Investment, LLC","ID1031910188"
"Kentucky","Smith Central Regional Center LLC (former name Central Western Regional Center LLC) (former name USA Midwest Regional Center LLC)","ID1505552608"
"Kentucky","West Virginia Regional Center, LLC","ID1226250763"
"Kentucky","EB5AN NC and Great Lakes Regional Center, LLC","ID1403151664"
"Kentucky","EB5 Capital – Midwest Regional Center LLC (former name Encore Nashville RC, LLC)","RC2300003502"
"Kentucky","Smith Delta Regional Center, LLC","RC2400008710"
"Kentucky","CMB Regional Centers South LLC","RC2200000347"
"Kentucky","Peachtree South Regional Center LLC","RC2400008126"
"Kentucky","EB5 United South Regional Center LLC","RC2300003307"
"Louisiana","ALC Southeast, LLC","RC2200000218"
"Louisiana","Civitas Central Regional Center, LLC","RC2300002995"
"Louisiana","Smith Texarkana Regional Center, LLC","RC2300003396"
"Louisiana","EB-5 Inc Regional Center, LLC","RC2400009214"
"Louisiana","Southeast Regional Center LLC","RC2300002263"
"Louisiana","EB5AN Midwest Regional Center, LLC","ID1421751842"
"Louisiana","Central Southern Regional Center (former name USA South Regional Center)","ID1428151909"
"Louisiana","Crescent Regional Center, LLC","ID1330451258"
"Louisiana","iLand EB5 Regional Center, LLC","RC2400009236"
"Louisiana","Gulf Coast Regional Investment Center, LLC","ID1031910068"
"Louisiana","Gulf States Regional Center, LLC","ID1201750575"
"Louisiana","Live in America - Louisiana Regional Center, LLC","ID1329551242"
"Louisiana","New Orleans & Gulf Coast Regional Center, LLC","ID1216350684"
"Louisiana","Smith Delta Regional Center, LLC","RC2400008710"
"Louisiana","EB5 Capital - Southeast Regional Center LLC","ID1635654886"
"Louisiana","Southern Opportunity Regional Center LLC","ID1419651808"
"Louisiana","Mid-America Rural Development Inc.","RC2200001268"
"Louisiana","CMB Regional Centers South LLC","RC2200000347"
"Louisiana","Peachtree South Regional Center LLC","RC2400008126"
"Maine","CanAm Northeast Regional Center, LLC","RC2300003285"
"Maine","EB5AN Northeast Regional Center, LLC","ID1404251680"
"Maine","ALC New England LLC","RC2200000451"
"Maine","Smith New England Regional Center LLC","RC2200000340"
"Maine","Century Regional Center, LLC (former name Century New York City Regional Center)","RC2300005527"
"Maine","Peachtree Northeast Regional Center LLC","RC2400008691"
"Maine","CMB Regional Centers Northeast LLC","RC2400008351"
"Maryland","CanAm Greater Washington Regional Center LLC (former name American Lending Center Virginia, LLC)","RC2300001489"
"Maryland","Civitas Southeast Regional Center LLC","RC2300003501"
"Maryland","Smith Central Atlantic Regional Center, LLC","RC2200000367"
"Maryland","EB-5 Visa Guide Regional Center LLC","RC2400009048"
"Maryland","ALC Mideast LLC","RC2200000303"
"Maryland","American Heritage Regional Center, LLC","ID1525452912"
"Maryland","New York EB5, LLC (former name Smith Atlantic Regional Center LLC) (former name Atlantic Coast Regional Center, LLC)","RC2300005095"
"Maryland","Birch Maryland GP LLC","RC2200000497"
"Maryland","Birch MD BioPark Regional Center","ID1103950157"
"Maryland","CanAm New York Metropolitan Regional Center, LLC (former name New York Metropolitan Regional Center)","ID1227250772"
"Maryland","Chesapeake Regional Center, LLC","ID1306051099"
"Maryland","CMB Pennsylvania Regional Center, LLC","ID1234850855"
"Maryland","Delaware Valley Regional Center, LLC","ID1313451137"
"Maryland","EB5 Capital - DC Regional Center","RC2200000001"
"Maryland","EB5AN D.C. and Carolinas Regional Center LLC","ID1421751841"
"Maryland","Greystone EB5 Northeast RC, LLC","ID1512652685"
"Maryland","Live in America - Washington D.C./Baltimore Regional Center LLC","ID1304651086"
"Maryland","Maryland Center for Foreign Investment, LLC","ID1031910002"
"Maryland","Maryland Global Regional Center, LLC","ID1335851436"
"Maryland","Mid-Atlantic Regional Center","ID1434252044"
"Maryland","Northeast Regional Center, Inc.","ID1328051229"
"Maryland","Milou Chesapeake Regional Center LLC (former name Oriental Dolphin EB-5 Regional Center)","ID1034850134"
"Maryland","BC East Coast Regional Center LLC","ID1114050206"
"Maryland","EB5AN NC and Great Lakes Regional Center, LLC","ID1403151664"
"Maryland","CMB Regional Centers South LLC","RC2200000347"
"Maryland","Peachtree South Regional Center LLC","RC2400008126"
"Maryland","EB5 United South Regional Center LLC","RC2300003307"
"Massachusetts","CanAm Northeast Regional Center, LLC","RC2300003285"
"Massachusetts","EB5AN Northeast Regional Center, LLC","ID1404251680"
"Massachusetts","Civitas Northeast Regional Center LLC","RC2300003508"
"Massachusetts","EB5 United Northeast Regional Center, LLC","RC2400009132"
"Massachusetts","NYNJ Regional Center LLC","RC2400007982"
"Massachusetts","ALC New England LLC","RC2200000451"
"Massachusetts","Allstates QSR Regional Center, LLC","ID1630654500"
"Massachusetts","Ashcroft/Sullivan New England Economic Development Center","ID1431151966"
"Massachusetts","BC East Coast Regional Center LLC","ID1114050206"
"Massachusetts","New York EB5, LLC (former name Smith Atlantic Regional Center LLC) (former name Atlantic Coast Regional Center, LLC)","RC2300005095"
"Massachusetts","Boston Regional Center","ID1427651898"
"Massachusetts","Civitas Massachusetts Regional Center","ID1428851923"
"Massachusetts","EB5 Affiliate Network Commonwealth of Massachusetts Regional Center, LLC","ID1404551684"
"Massachusetts","EB-5 Jobs for Massachusetts, Inc.","ID1031910110"
"Massachusetts","Greystone EB5 Northeast RC, LLC","ID1512652685"
"Massachusetts","New England Regional Center for Economic Development Inc.","RC2300005127"
"Massachusetts","Northeast Regional Center, Inc.","ID1328051229"
"Massachusetts","Smith New England Regional Center LLC","RC2200000340"
"Massachusetts","Sunpin Massachusetts Regional Center, LLC","ID1422351846"
"Massachusetts","VR EB-5 Express, LLC","ID1504452595"
"Massachusetts","Century Regional Center, LLC (former name Century New York City Regional Center)","RC2300005527"
"Massachusetts","CMB Regional Centers New England LLC","RC2200000394"
"Massachusetts","Peachtree Northeast Regional Center LLC","RC2400008691"
"Massachusetts","CMB Regional Centers Northeast LLC","RC2400008351"
"Michigan","Southeast Regional Center LLC","RC2300002263"
"Michigan","Civitas Midwest Regional Center LLC","RC2300003713"
"Michigan","EB5AN Midwest Regional Center, LLC","ID1421751842"
"Michigan","CanAm Midwest Regional Center, LLC","RC2300003481"
"Michigan","ALC Great Lakes LLC","RC2200000457"
"Michigan","International Partners of Michigan LLP (former name International Michigan Investment Regional Center)","ID1031910102"
"Michigan","Smith Central Regional Center LLC (former name Central Western Regional Center LLC) (former name USA Midwest Regional Center LLC)","ID1505552608"
"Michigan","Smith Great Lakes Regional Center LLC","RC2200000265"
"Michigan","EB5AN NC and Great Lakes Regional Center, LLC","ID1403151664"
"Michigan","EB5 Capital – Midwest Regional Center LLC (former name Encore Nashville RC, LLC)","RC2300003502"
"Michigan","Peachtree Northeast Regional Center LLC","RC2400008877"
"Minnesota","EB5AN Midwest Regional Center, LLC","ID1421751842"
"Minnesota","ALC Great Plains LLC","RC2200000307"
"Minnesota","International Creative Capital, LLC","ID1402251658"
"Minnesota","North Dakota Minnesota EB-5 Regional Center, LLC (former name North Dakota/Minnesota EB-5 Regional Center)","RC2400008481"
"Minnesota","Reliant Regional Center","ID1514652723"
"Minnesota","Smith Central Regional Center LLC (former name Central Western Regional Center LLC) (former name USA Midwest Regional Center LLC)","ID1505552608"
"Minnesota","Smith Great Plains Regional Center LLC","RC2200000365"
"Minnesota","Peachtree Northeast Regional Center LLC","RC2400008877"
"Mississippi","ALC Southeast, LLC","RC2200000218"
"Mississippi","Smoky Mountain Regional Center LLC","RC2400006421"
"Mississippi","Mid America Fund LLC","RC2300004564"
"Mississippi","EB-5 Inc Regional Center, LLC","RC2400009214"
"Mississippi","Southeast Regional Center LLC","RC2300002263"
"Mississippi","EB5 Affiliate Network Southeast Regional Center LLC f/k/a Affiliate Network State of Georgia Regional Center LLC (former name EB5 Affiliate Network Southeast Regional Center, LLC)","RC2200001155"
"Mississippi","Encore Mississippi Regional Center","ID1218450699"
"Mississippi","Gulf Coast Regional Investment Center, LLC","ID1031910068"
"Mississippi","Gulf States Regional Center, LLC","ID1201750575"
"Mississippi","Mississippi Development Regional Center, LLC","ID1031910177"
"Mississippi","New Orleans & Gulf Coast Regional Center, LLC","ID1216350684"
"Mississippi","Reentry Regional Center South, LLC","RC2200001375"
"Mississippi","Smith Delta Regional Center, LLC","RC2400008710"
"Mississippi","EB5 Capital - Southeast Regional Center LLC","ID1635654886"
"Mississippi","CMB Regional Centers South LLC","RC2200000347"
"Mississippi","Peachtree South Regional Center LLC","RC2400008126"
"Mississippi","EB5 United South Regional Center LLC","RC2300003307"
"Missouri","EB5AN Midwest Regional Center, LLC","ID1421751842"
"Missouri","Mighty Rivers Regional Center","RC23000002922"
"Missouri","ALC Great Plains LLC","RC2200000307"
"Missouri","Pine State Regional Center, LLC","ID1330951265"
"Missouri","Rural Economic Development Center LLC (formerly known as 1900 Gulf Street Partners Regional Center LLC)","RC2300003315"
"Missouri","Smith Central Regional Center LLC (former name Central Western Regional Center LLC) (former name USA Midwest Regional Center LLC)","ID1505552608"
"Missouri","Smith Great Plains Regional Center LLC","RC2200000365"
"Missouri","Peachtree Northeast Regional Center LLC","RC2400008877"
"Montana","CanAm Mountain States Regional Center, LLC","RC2300003017"
"Montana","Rosewood Regional Center LLC","RC2400009182"
"Montana","ALC Rocky Mountain LLC","RC2200000299"
"Montana","EB5AN Rocky Mountain Regional Center LLC","ID2200000438"
"Montana","EB5 Capital – Mountain Regional Center LLC","RC2200000564"
"Montana","EB5 United Rockies Regional Center LLC","RC2200000443"
"Montana","Mid-America Rural Development Inc.","RC2200001268"
"Montana","NewGen MT Regional Center LLC","RC2200000506"
"Montana","Northern Rockies Regional Center","ID1033650027"
"Montana","Pacific Northwest EB-5 Regional Center","ID1034750117"
"Montana","Smith Rockies Regional Center LLC","RC2200001021"
"Montana","Smith Western Regional Center (former name Western Pacific Regional Center)","ID1418251794"
"Montana","CMB Regional Centers West LLC","RC2200000270"
"Nebraska","Blue Ribbon Regional Center, LLC","ID1113350203"
"Nebraska","EB5AN Midwest Regional Center, LLC","ID1421751842"
"Nebraska","ALC Great Plains LLC","RC2200000307"
"Nebraska","Liberty Nebraska Regional Center, LLC","ID1312251130"
"Nebraska","Smith Great Plains Regional Center LLC","RC2200000365"
"Nebraska","Peachtree Northeast Regional Center LLC","RC2400008877"
"Nevada","BC West Coast Regional Center LLC","RC1713555547"
"Nevada","CanAm Mountain States Regional Center, LLC","RC2300003017"
"Nevada","Civitas Mountain Regional Center","RC2300003865"
"Nevada","Investment Fund of America, LLC","RC2300002637"
"Nevada","LCP Southwest Regional Center LLC","RC2400006580"
"Nevada","Admiralty Sierra Regional Center, LLC","RC2300005725"
"Nevada","Advantage America California Regional Center, LLC","RC2300005772"
"Nevada","Alka Empire Regional Center LLC","RC2300004748"
"Nevada","JKML Regional Center LLC","RC2400008845"
"Nevada","Monterey Northern California Regional Center, LLC","ID1605754265"
"Nevada","Pine State Regional Center Northwest LLC","RC2400009046"
"Nevada","WC Regional Center LLC","RC2300005222"
"Nevada","Invest Idaho, LLC","RC2300003970"
"Nevada","EB5 United Rockies Regional Center LLC","RC2200000443"
"Nevada","ALC West LLC","RC220000407"
"Nevada","ARCG Nevada Regional Center LLC (former name Geothermal Regional Center LLC)","RC2300002370"
"Nevada","Awesome American Regional Center LLC","ID1634454667"
"Nevada","Civitas Las Vegas Regional Center","ID1331251278"
"Nevada","Clark County Regional Center","ID1031910097"
"Nevada","CMB Export LLC","ID1031910156"
"Nevada","EB5 Capital – Mountain Regional Center LLC","RC2200000564"
"Nevada","EB5 Prime, LLC","RC2400008575"
"Nevada","EB-5 Impact Capital Regional Center, LLC","ID1410551734"
"Nevada","Greystone EB5 West RC LLC","ID1621754379"
"Nevada","Happy Family USA Regional Center","ID1527153031"
"Nevada","Las Vegas Economic Impact Regional Center, LLC","ID1126250313"
"Nevada","Las Vegas Regional Center","ID1031910181"
"Nevada","Nevada Investment Regional Center, LLC","ID1407651709"
"Nevada","JPL Trading Co. LLC d/b/a Nevada Regional Center (former name Nevada Regional Center)","ID1034250071"
"Nevada","Nevada Regional Economic Development Center (NREDC)","ID1031910128"
"Nevada","Pacific Casino & Entertainment Group Regional Center","ID1302551074"
"Nevada","Smith Rockies Regional Center LLC","RC2200001021"
"Nevada","Smith Western Regional Center (former name Western Pacific Regional Center)","ID1418251794"
"Nevada","Vegas Regional Center, LLC","ID1625654407"
"Nevada","West Coast Regional Center, Inc.","ID1400251560"
"Nevada","Zephyrus Regional Center LLC","ID1636255049"
"Nevada","CMB Regional Centers West LLC","RC2200000270"
"Nevada","EB5AN Far West Regional Center LLC","RC2200000215"
"New Hampshire","CanAm Northeast Regional Center, LLC","RC2300003285"
"New Hampshire","EB5AN Northeast Regional Center, LLC","ID1404251680"
"New Hampshire","NYNJ Regional Center LLC","RC2400007982"
"New Hampshire","New England Regional Center for Economic Development Inc.","RC2300005127"
"New Hampshire","ALC New England LLC","RC2200000451"
"New Hampshire","New York EB5, LLC (former name Smith Atlantic Regional Center LLC) (former name Atlantic Coast Regional Center, LLC)","RC2300005095"
"New Hampshire","Green Mountains Regional Center, LLC","ID1731055631"
"New Hampshire","Greystone EB5 Northeast RC, LLC","ID1512652685"
"New Hampshire","Invest New Hampshire Regional Center, LLC","ID1121350256"
"New Hampshire","New Hampshire EB-5 Regional Center","ID1031910083"
"New Hampshire","Northeast Regional Center, Inc.","ID1328051229"
"New Hampshire","Smith New England Regional Center LLC","RC2200000340"
"New Hampshire","VR EB-5 Express, LLC","ID1504452595"
"New Hampshire","Century Regional Center, LLC (former name Century New York City Regional Center)","RC2300005527"
"New Hampshire","CMB Regional Centers New England LLC","RC2200000394"
"New Hampshire","Peachtree Northeast Regional Center LLC","RC2400008691"
"New Hampshire","CMB Regional Centers Northeast LLC","RC2400008351"
"New Jersey","Civitas Northeast Regional Center LLC","RC2300003508"
"New Jersey","EB5 United Northeast Regional Center, LLC","RC2400009132"
"New Jersey","NY Hudson Capital Partners LLC","RC2400008901"
"New Jersey","NYNJ Regional Center LLC","RC2400007982"
"New Jersey","USANY Regional Center LLC","RC2300005057"
"New Jersey","A 1 Regional Center","RC2200001023"
"New Jersey","ALC Mideast LLC","RC2200000303"
"New Jersey","American EB-5 Properties Regional Center, LLC","ID1435652190"
"New Jersey","American Lending Center New York Regional Center, LLC","ID1436352268"
"New Jersey","American Regional Center for Entrepreneurs Inc (dba ARCFE)","RC2200000292"
"New Jersey","American Regional Center Opportunity Fund, LLC","ID1421151833"
"New Jersey","AscendAmerica, LLC","ID1335251379"
"New Jersey","Atlantic City Regional Center","ID1127950330"
"New Jersey","CMB Pennsylvania Regional Center, LLC","ID1234850855"
"New Jersey","CUCC Business Regional Center, Inc (former name U.S. Business Regional Center Inc.)","ID1233950830"
"New Jersey","New York EB5, LLC (former name Smith Atlantic Regional Center LLC) (former name Atlantic Coast Regional Center, LLC)","RC2300005095"
"New Jersey","Auric Ventures International Regional Center","ID1619754363"
"New Jersey","Delaware Valley Regional Center, LLC","ID1313451137"
"New Jersey","East Coast Regional Center, LLC","ID1503052580"
"New Jersey","EB5AN Northeast Regional Center, LLC","ID1404251680"
"New Jersey","EB5 Capital - New York Regional Center","ID1428751914"
"New Jersey","EB5 Fund, Inc.","ID1326751218"
"New Jersey","EB5 Opportunities Fund, LLC","ID1334651336"
"New Jersey","Empire Regional Center, LLC","ID1414151760"
"New Jersey","Global City Regional Center, LLC","ID1313051134"
"New Jersey","Greystone EB5 Northeast RC, LLC","ID1512652685"
"New Jersey","Harmonia Regional Center New York","ID1516152743"
"New Jersey","Hudson Funds New York Regional Center, LLC","ID1635754956"
"New Jersey","LCR Overseas Regional Center, LLC","ID1402951663"
"New Jersey","EB5 Northeast RC, LLC (former name Liberty Harbor Regional Center, LLC)","ID1627454444"
"New Jersey","Lightstone New York Regional Center, LLC","ID1403751677"
"New Jersey","Live in America - New York Regional Center LLC","ID1230350795"
"New Jersey","LUC Capital, LLC","RC2300001605"
"New Jersey","Manhattan Metropolitan Regional Center","ID1501652543"
"New Jersey","MGV NYC Regional Center LLC","ID1621854381"
"New Jersey","MZH Capital Partners, Inc.","ID1533653487"
"New Jersey","Mid-Atlantic Regional Center","ID1434252044"
"New Jersey","Midtown NYC Regional Center, LLC","ID1527253114"
"New Jersey","Mugo Regional Center LLC","ID1610954307"
"New Jersey","New Empire EB-5 Regional Center, LLC","ID1431451970"
"New Jersey","New York City EB-5, LLC","ID1635854998"
"New Jersey","New York City Real Estate Regional Center, LLC","ID1120950252"
"New Jersey","New York City Transportation Regional Center LLC","ID1636255031"
"New Jersey","CanAm New York Metropolitan Regional Center, LLC (former name New York Metropolitan Regional Center)","ID1227250772"
"New Jersey","Northeast Regional Center, Inc.","ID1328051229"
"New Jersey","NY Entrepreneurs Fund, LLC","ID1514652724"
"New Jersey","NYC Liberty Green Regional Center, LLC","ID1635854999"
"New Jersey","Related New York City Metro Regional Center, LLC","ID1316851164"
"New Jersey","Smith North Atlantic Regional Center LLC","RC2200000360"
"New Jersey","Northern Regional Center, LLC, formerly known as SRC NY, LLC","ID1635554842"
"New Jersey","U.S. Immigration Fund - NJ, LLC","ID1236250925"
"New Jersey","United Land RC LLC","ID1601954225"
"New Jersey","USCFID New York LLC","ID1421951844"
"New Jersey","Century Regional Center, LLC (former name Century New York City Regional Center)","RC2300005527"
"New Jersey","Civitas New York Regional Center, LLC","ID1307451108"
"New Jersey","Manhattan Regional Center, LLC","ID1031910027"
"New Jersey","Peachtree Northeast Regional Center LLC","RC2400008691"
"New Jersey","Metropolis Regional Center, LLC","RC2400009628"
"New Jersey","CMB Regional Centers Northeast LLC","RC2400008351"
"New Mexico","CanAm Mountain States Regional Center, LLC","RC2300003017"
"New Mexico","Civitas Mountain Regional Center","RC2300003865"
"New Mexico","Investment Fund of America, LLC","RC2300002637"
"New Mexico","Rosewood Regional Center LLC","RC2400009182"
"New Mexico","EB5 United Rockies Regional Center LLC","RC2200000443"
"New Mexico","American Lending Center Southwest LLC","RC2200000169"
"New Mexico","Civitas - El Paso","ID1232050814"
"New Mexico","EB5 Capital – Mountain Regional Center LLC","RC2200000564"
"New Mexico","EB5AN Southwest Regional Center LLC","ID2200000238"
"New Mexico","iLand EB5 Regional Center, LLC","RC2400009236"
"New Mexico","Smith Rockies Regional Center LLC","RC2200001021"
"New Mexico","CMB Regional Centers West LLC","RC2200000270"
"New Mexico","Southwest EB5 Regional Center LLC","RC2400009661"
"New Mexico","Mid-America Rural Development Inc.","RC2200001268"
"New York","CanAm Northeast Regional Center, LLC","RC2300003285"
"New York","Civitas Northeast Regional Center LLC","RC2300003508"
"New York","EB5 United Northeast Regional Center, LLC","RC2400009132"
"New York","NY Hudson Capital Partners LLC","RC2400008901"
"New York","NYNJ Regional Center LLC","RC2400007982"
"New York","USANY Regional Center LLC","RC2300005057"
"New York","A 1 Regional Center","RC2200001023"
"New York","Advantage America New York Regional Center, LLC","ID1034750107"
"New York","ALC Mideast LLC","RC2200000303"
"New York","Allstates QSR Regional Center, LLC","ID1630654500"
"New York","American EB-5 Properties Regional Center, LLC","ID1435652190"
"New York","American Lending Center New York Regional Center, LLC","ID1436352268"
"New York","American Regional Center for Entrepreneurs Inc (dba ARCFE)","RC2200000292"
"New York","American Regional Center Opportunity Fund, LLC","ID1421151833"
"New York","AscendAmerica, LLC","ID1335251379"
"New York","New York EB5, LLC (former name Smith Atlantic Regional Center LLC) (former name Atlantic Coast Regional Center, LLC)","RC2300005095"
"New York","Auric Ventures International Regional Center","ID1619754363"
"New York","BC East Coast Regional Center LLC","ID1114050206"
"New York","Century Regional Center, LLC (former name Century New York City Regional Center)","RC2300005527"
"New York","Civitas New York Regional Center, LLC","ID1307451108"
"New York","CUCC Business Regional Center, Inc (former name U.S. Business Regional Center Inc.)","ID1233950830"
"New York","East Coast Regional Center, LLC","ID1503052580"
"New York","EB5AN Northeast Regional Center, LLC","ID1404251680"
"New York","EB5 Capital - New York Regional Center","ID1428751914"
"New York","EB5 Fund, Inc.","ID1326751218"
"New York","EB-5 New York State, LLC","ID1031910126"
"New York","EB5 Opportunities Fund, LLC","ID1334651336"
"New York","Empire Regional Center, LLC","ID1414151760"
"New York","Extell New York Regional Center","ID1101250146"
"New York","Fleet New York Metropolitan Regional Center LLC (former name Federal New York Metropolitan Regional Center)","ID1031910196"
"New York","Greater New York Regional Center","ID1134850389"
"New York","Greystone EB5 Northeast RC, LLC","ID1512652685"
"New York","Harmonia Regional Center New York","ID1516152743"
"New York","Hudson Funds New York Regional Center, LLC","ID1635754956"
"New York","Lam NYC EB-5 Fund Regional Center, LLC","ID1121350259"
"New York","LCR Overseas Regional Center, LLC","ID1402951663"
"New York","EB5 Northeast RC, LLC (former name Liberty Harbor Regional Center, LLC)","ID1627454444"
"New York","Lightstone New York Regional Center, LLC","ID1403751677"
"New York","Live in America - New York Regional Center LLC","ID1230350795"
"New York","LUC Capital, LLC","RC2300001605"
"New York","Manhattan Metropolitan Regional Center","ID1501652543"
"New York","Manhattan Regional Center, LLC","ID1031910027"
"New York","MGV NYC Regional Center LLC","ID1621854381"
"New York","Mid-Atlantic Regional Center","ID1434252044"
"New York","Midtown NYC Regional Center, LLC","ID1527253114"
"New York","Mugo Regional Center LLC","ID1610954307"
"New York","New Empire EB-5 Regional Center, LLC","ID1431451970"
"New York","New York City EB-5, LLC","ID1635854998"
"New York","New York City Real Estate Regional Center, LLC","ID1120950252"
"New York","New York City Regional Center, LLC","ID1031910093"
"New York","New York City Transportation Regional Center LLC","ID1636255031"
"New York","New York Dream Regional Center LLC (former name Tri-State USA Regional Center)","ID1211750650"
"New York","New York Connecticut Regional Center, LLC","ID1322551193"
"New York","New York EB-5 Regional Center, LLC","ID1328851232"
"New York","New York Immigration Fund, LLC","ID1031910184"
"New York","CanAm New York Metropolitan Regional Center, LLC (former name New York Metropolitan Regional Center)","ID1227250772"
"New York","Northeast Regional Center, Inc.","ID1328051229"
"New York","NY Entrepreneurs Fund, LLC","ID1514652724"
"New York","NYC Liberty Green Regional Center, LLC","ID1635854999"
"New York","NYC Mayflower Regional Center, INC","ID1208850623"
"New York","NYC Metro Regional Center, LLC","ID1034750121"
"New York","NYC Regional Center, Inc","ID1422351847"
"New York","NYUS Regional Center","RC2300001779"
"New York","NYUS Terra LLC","RC2400009721"
"New York","Prime Regional Center LLC d/b/a Great NY Regional Center","RC2300002971"
"New York","Related New York City Metro Regional Center, LLC","ID1316851164"
"New York","Smith North Atlantic Regional Center LLC","RC2200000360"
"New York","Northern Regional Center, LLC, formerly known as SRC NY, LLC","ID1635554842"
"New York","U.S. Immigration Fund - NY","ID1214350657"
"New York","United Land RC LLC","ID1601954225"
"New York","USCFID New York LLC","ID1421951844"
"New York","Veria Regional Center, Inc.","ID1407051702"
"New York","Peachtree Northeast Regional Center LLC","RC2400008691"
"New York","Metropolis Regional Center, LLC","RC2400009628"
"New York","CMB Regional Centers Northeast LLC","RC2400008351"
"North Carolina","ALC Southeast, LLC","RC2200000218"
"North Carolina","Smoky Mountain Regional Center LLC","RC2400006421"
"North Carolina","Civitas Southeast Regional Center LLC","RC2300003501"
"North Carolina","Smith Central Atlantic Regional Center, LLC","RC2200000367"
"North Carolina","EB-5 Visa Guide Regional Center LLC","RC2400009048"
"North Carolina","First America Florida LLC","RC2400008953"
"North Carolina","Suncoast Growth Regional Center LLC","RC2400009045"
"North Carolina","Shyam Developers LLC","RC2300002811"
"North Carolina","Southeast Regional Center LLC","RC2300002263"
"North Carolina","American Lending Center North Carolina, LLC","ID1517752761"
"North Carolina","American Southern Regional Center, LLC","ID1527253113"
"North Carolina","Appalachian EB-5, LLC","ID1209050633"
"North Carolina","Atlantic Regional Center for Foreign Investment, LLC (ARCFi)","ID1031910189"
"North Carolina","Birch North Carolina Regional Center","ID1217850697"
"North Carolina","Carolina Center for Foreign Investment, LLC aka Carolina Center for Foreign Investment Regional Center","RC2300002603"
"North Carolina","Carolina Global Regional Center Corporation","ID1224250744"
"North Carolina","Carolina Growth Regional Center, LLC","ID1226550767"
"North Carolina","American Real Estate Capital Group LLC Regional Center","RC2200000626"
"North Carolina","CTP Atlantic American Regional Center LLC","RC2200000525"
"North Carolina","EB5AN NC and Great Lakes Regional Center, LLC","ID1403151664"
"North Carolina","EB5AN D.C. and Carolinas Regional Center LLC","ID1421751841"
"North Carolina","Education Fund SE Regional Center","ID1510551754"
"North Carolina","EiPG Carolinas Regional Center, LLC","RC2300005720"
"North Carolina","Greater Carolina Regional Center LLC","RC2400008186"
"North Carolina","Live in America - Carolinas Regional Center LLC","ID1411951742"
"North Carolina","Piedmont Regional Center, Inc.","ID1400251561"
"North Carolina","RSR EB-5 Regional Center, LLC","ID1635754960"
"North Carolina","Smith South Atlantic Regional Center","ID1436352266"
"North Carolina","Venus RC LLC","RC2300003764"
"North Carolina","CMB Regional Centers South LLC","RC2200000347"
"North Carolina","Peachtree South Regional Center LLC","RC2400008126"
"North Carolina","EB5 United South Regional Center LLC","RC2300003307"
"North Dakota","EB5AN Midwest Regional Center, LLC","ID1421751842"
"North Dakota","Mid-America Rural Development Inc.","RC2200001268"
"North Dakota","ALC Great Plains LLC","RC2200000307"
"North Dakota","North Dakota Minnesota EB-5 Regional Center, LLC (former name North Dakota/Minnesota EB-5 Regional Center)","RC2400008481"
"North Dakota","Smith Great Plains Regional Center LLC","RC2200000365"
"North Dakota","Peachtree Northeast Regional Center LLC","RC2400008877"
"Ohio","EB5AN Northeast Regional Center, LLC","ID1404251680"
"Ohio","Southeast Regional Center LLC","RC2300002263"
"Ohio","Civitas Midwest Regional Center LLC","RC2300003713"
"Ohio","CanAm Midwest Regional Center, LLC","RC2300003481"
"Ohio","EB5AN NC and Great Lakes Regional Center, LLC","ID1403151664"
"Ohio","ALC Great Lakes LLC","RC2200000457"
"Ohio","American Lending Center Ohio, LLC","ID1514052717"
"Ohio","Cloudseed International Fund, LLC","ID1332651295"
"Ohio","CMB Summit LLC RC","ID1031910107"
"Ohio","EB5 of Ohio, LLC","ID1501652544"
"Ohio","KOIT Global Investments","ID1511852678"
"Ohio","Mag Ventures 2, LLC","ID1408051713"
"Ohio","Mag Ventures 3, LLC","ID1419851813"
"Ohio","Midwestern Investments For America, LLC","ID1400951638"
"Ohio","Ohio International Investment Center","ID1421251834"
"Ohio","Smith Central Regional Center LLC (former name Central Western Regional Center LLC) (former name USA Midwest Regional Center LLC)","ID1505552608"
"Ohio","Smith Great Lakes Regional Center LLC","RC2200000265"
"Ohio","Texo Capital, LLC","RC2300002145"
"Ohio","West Virginia Regional Center, LLC","ID1226250763"
"Ohio","EB5 Capital – Midwest Regional Center LLC (former name Encore Nashville RC, LLC)","RC2300003502"
"Ohio","Peachtree Northeast Regional Center LLC","RC2400008877"
"Oklahoma","EB5 Capital – Texas Regional Center, LLC","RC2300004915"
"Oklahoma","Civitas Central Regional Center, LLC","RC2300002995"
"Oklahoma","Smith Texarkana Regional Center, LLC","RC2300003396"
"Oklahoma","Asian Physicians & Professional EB5 Regional Center LLC","RC2300005502"
"Oklahoma","Biz51 Group Regional Center LLC","RC2300003696"
"Oklahoma","Green Pathway Regional Center, LLC","RC2300004593"
"Oklahoma","Mid-America Rural Development Inc.","RC2200001268"
"Oklahoma","American Lending Center Southwest LLC","RC2200000169"
"Oklahoma","Central Southern Regional Center (former name USA South Regional Center)","ID1428151909"
"Oklahoma","Champion EB5 Regional Center LLC","RC2400008335"
"Oklahoma","EB5AN Southwest Regional Center LLC","ID2200000238"
"Oklahoma","Oklahoma State Regional Center, LLC","ID1206050604"
"Oklahoma","Global Crossing, LLC (former name Smith Mountain Regional Center, LLC)","RC2400011127"
"Oklahoma","Western Energy Regional Center","ID1523152868"
"Oklahoma","Smith Delta Regional Center, LLC","RC2400008710"
"Oklahoma","Greater Sulphur Springs Regional Center, LLC","RC2300003440"
"Oklahoma","CMB Regional Centers South LLC","RC2200000347"
"Oklahoma","Peachtree South Regional Center LLC","RC2400008126"
"Oregon","CanAm California Regional Center LLC (former name CanAm Los Angeles Conty Regional Center and Los Angeles Film Regional Center)","ID1031910146"
"Oregon","Civitas Pacific Regional Center LLC","RC2300003456"
"Oregon","Live in America – California Regional Center LLC","RC2200001261"
"Oregon","Pacific Coast USA Regional Center LLC","RC2300002990"
"Oregon","Pine State Regional Center Northwest LLC","RC2400009046"
"Oregon","SPI EB5 Pacific RC, LLC","RC2200000409"
"Oregon","Newlifeplan LTD","RC2300002650"
"Oregon","EB5 United Rockies Regional Center LLC","RC2200000443"
"Oregon","ALC West LLC","RC220000407"
"Oregon","American Life Inc. Regional Center - Seattle (Golden Rainbow & Gateway Freedom Fund","ID1031910127"
"Oregon","American Renewable Energy Investments Regional Center, LLC","ID1323251196"
"Oregon","American United EB-5 Regional Center","ID1031910044"
"Oregon","Cascadia Regional Center","ID1534153510"
"Oregon","EB5 Affiliate Network States of Washington and Oregon Regional Center, LLC","ID1421751843"
"Oregon","EB5 Capital - California Regional Center","ID1217050690"
"Oregon","Greystone EB5 Northwest RC","ID1722355590"
"Oregon","Pacific Northwest EB-5 Regional Center","ID1034750117"
"Oregon","Portland Regional Center","ID1031910047"
"Oregon","Redwood Regional Center, LLC","ID1634954742"
"Oregon","Smith Western Regional Center (former name Western Pacific Regional Center)","ID1418251794"
"Oregon","West Coast EB5 Regional Center, LLC","ID1635654888"
"Oregon","Zephyrus Regional Center LLC","ID1636255049"
"Oregon","CMB Regional Centers West LLC","RC2200000270"
"Oregon","EB5AN Far West Regional Center LLC","RC2200000215"
"Pennsylvania","CanAm Northeast Regional Center, LLC","RC2300003285"
"Pennsylvania","EB5AN Northeast Regional Center, LLC","ID1404251680"
"Pennsylvania","Civitas Northeast Regional Center LLC","RC2300003508"
"Pennsylvania","EB5 United Northeast Regional Center, LLC","RC2400009132"
"Pennsylvania","NYNJ Regional Center LLC","RC2400007982"
"Pennsylvania","USANY Regional Center LLC","RC2300005057"
"Pennsylvania","Century Regional Center, LLC (former name Century New York City Regional Center)","RC2300005527"
"Pennsylvania","Manhattan Regional Center, LLC","ID1031910027"
"Pennsylvania","Texo Capital, LLC","RC2300002145"
"Pennsylvania","A 1 Regional Center","RC2200001023"
"Pennsylvania","AHRC PA, LLC","ID1627454453"
"Pennsylvania","ALC Mideast LLC","RC2200000303"
"Pennsylvania","Allstates QSR Regional Center, LLC","ID1630654500"
"Pennsylvania","American Lending Center New York Regional Center, LLC","ID1436352268"
"Pennsylvania","American Oil Regional Center","ID1229850792"
"Pennsylvania","American Regional Center for Entrepreneurs Inc (dba ARCFE)","RC2200000292"
"Pennsylvania","American Regional Center Opportunity Fund, LLC","ID1421151833"
"Pennsylvania","AscendAmerica, LLC","ID1335251379"
"Pennsylvania","New York EB5, LLC (former name Smith Atlantic Regional Center LLC) (former name Atlantic Coast Regional Center, LLC)","RC2300005095"
"Pennsylvania","Auric Ventures International Regional Center","ID1619754363"
"Pennsylvania","CMB Pennsylvania Regional Center, LLC","ID1234850855"
"Pennsylvania","Delaware Valley Regional Center, LLC","ID1313451137"
"Pennsylvania","EB5 Capital - New York Regional Center","ID1428751914"
"Pennsylvania","EB5 Opportunities Fund, LLC","ID1334651336"
"Pennsylvania","Global City Regional Center, LLC","ID1313051134"
"Pennsylvania","Greystone EB5 Northeast RC, LLC","ID1512652685"
"Pennsylvania","Hudson Funds New York Regional Center, LLC","ID1635754956"
"Pennsylvania","LCR Overseas Regional Center, LLC","ID1402951663"
"Pennsylvania","EB5 Northeast RC, LLC (former name Liberty Harbor Regional Center, LLC)","ID1627454444"
"Pennsylvania","Lightstone New York Regional Center, LLC","ID1403751677"
"Pennsylvania","Live in America - New York Regional Center LLC","ID1230350795"
"Pennsylvania","LUC Capital, LLC","RC2300001605"
"Pennsylvania","MGV NYC Regional Center LLC","ID1621854381"
"Pennsylvania","Mid-Atlantic Regional Center","ID1434252044"
"Pennsylvania","Mugo Regional Center LLC","ID1610954307"
"Pennsylvania","New Empire EB-5 Regional Center, LLC","ID1431451970"
"Pennsylvania","New York City EB-5, LLC","ID1635854998"
"Pennsylvania","CanAm New York Metropolitan Regional Center, LLC (former name New York Metropolitan Regional Center)","ID1227250772"
"Pennsylvania","Northeast Regional Center, Inc.","ID1328051229"
"Pennsylvania","NYC Liberty Green Regional Center, LLC","ID1635854999"
"Pennsylvania","CanAm Pennsylvania Regional Center, LLC","ID1031910137"
"Pennsylvania","Philadelphia Industrial Development Corporation (PIDC) Regional Center","ID1031910154"
"Pennsylvania","Related New York City Metro Regional Center, LLC","ID1316851164"
"Pennsylvania","Smith Central Regional Center LLC (former name Central Western Regional Center LLC) (former name USA Midwest Regional Center LLC)","ID1505552608"
"Pennsylvania","Smith North Atlantic Regional Center LLC","RC2200000360"
"Pennsylvania","Northern Regional Center, LLC, formerly known as SRC NY, LLC","ID1635554842"
"Pennsylvania","Texo Capital, LLC","ID1605054256"
"Pennsylvania","BC East Coast Regional Center LLC","ID1114050206"
"Pennsylvania","United Land RC LLC","ID1601954225"
"Pennsylvania","USCFID New York LLC","ID1421951844"
"Pennsylvania","Peachtree Northeast Regional Center LLC","RC2400008691"
"Pennsylvania","CMB Regional Centers Northeast LLC","RC2400008351"
"Puerto Rico","EB5AN Non-Continental Regional Center, LLC","ID2024458137"
"Puerto Rico","Iconic Caribbean EB-5, LLC","ID1206050605"
"Rhode Island","CanAm Northeast Regional Center, LLC","RC2300003285"
"Rhode Island","EB5AN Northeast Regional Center, LLC","ID1404251680"
"Rhode Island","Civitas Northeast Regional Center LLC","RC2300003508"
"Rhode Island","EB5 United Northeast Regional Center, LLC","RC2400009132"
"Rhode Island","NYNJ Regional Center LLC","RC2400007982"
"Rhode Island","Century Regional Center, LLC (former name Century New York City Regional Center)","RC2300005527"
"Rhode Island","ALC New England LLC","RC2200000451"
"Rhode Island","Ashcroft/Sullivan New England Economic Development Center","ID1431151966"
"Rhode Island","BC East Coast Regional Center LLC","ID1114050206"
"Rhode Island","New York EB5, LLC (former name Smith Atlantic Regional Center LLC) (former name Atlantic Coast Regional Center, LLC)","RC2300005095"
"Rhode Island","Greystone EB5 Northeast RC, LLC","ID1512652685"
"Rhode Island","New England Regional Center for Economic Development Inc.","RC2300005127"
"Rhode Island","Northeast Regional Center, Inc.","ID1328051229"
"Rhode Island","Smith New England Regional Center LLC","RC2200000340"
"Rhode Island","VR EB-5 Express, LLC","ID1504452595"
"Rhode Island","CMB Regional Centers New England LLC","RC2200000394"
"Rhode Island","Peachtree Northeast Regional Center LLC","RC2400008691"
"Rhode Island","CMB Regional Centers Northeast LLC","RC2400008351"
"South Carolina","ALC Southeast, LLC","RC2200000218"
"South Carolina","Smoky Mountain Regional Center LLC","RC2400006421"
"South Carolina","Civitas Southeast Regional Center LLC","RC2300003501"
"South Carolina","Smith Central Atlantic Regional Center, LLC","RC2200000367"
"South Carolina","EB-5 Visa Guide Regional Center LLC","RC2400009048"
"South Carolina","First America Florida LLC","RC2400008953"
"South Carolina","Suncoast Growth Regional Center LLC","RC2400009045"
"South Carolina","Shyam Developers LLC","RC2300002811"
"South Carolina","Southeast Regional Center LLC","RC2300002263"
"South Carolina","EB5AN NC and Great Lakes Regional Center, LLC","ID1403151664"
"South Carolina","EiPG Carolinas Regional Center, LLC","RC2300005720"
"South Carolina","Venus RC LLC","RC2300003764"
"South Carolina","American Lending Center North Carolina, LLC","ID1517752761"
"South Carolina","Carolina Center for Foreign Investment, LLC aka Carolina Center for Foreign Investment Regional Center","RC2300002603"
"South Carolina","Carolina Global Regional Center Corporation","ID1224250744"
"South Carolina","American Real Estate Capital Group LLC Regional Center","RC2200000626"
"South Carolina","Appalachian EB-5, LLC","ID1209050633"
"South Carolina","CIG Southeast Regional Center LLC","RC2200000751"
"South Carolina","CTP Atlantic American Regional Center LLC","RC2200000525"
"South Carolina","EB5 Affiliate Network Southeast Regional Center LLC f/k/a Affiliate Network State of Georgia Regional Center LLC (former name EB5 Affiliate Network Southeast Regional Center, LLC)","RC2200001155"
"South Carolina","EB5AN D.C. and Carolinas Regional Center LLC","ID1421751841"
"South Carolina","Education Fund SE Regional Center","ID1510551754"
"South Carolina","FCA South Carolina Regional Center, LLC","ID1527853355"
"South Carolina","Live in America - Carolinas Regional Center LLC","ID1411951742"
"South Carolina","Piedmont Regional Center, Inc.","ID1400251561"
"South Carolina","RSR EB-5 Regional Center, LLC","ID1635754960"
"South Carolina","Smith South Atlantic Regional Center","ID1436352266"
"South Carolina","CMB Regional Centers South LLC","RC2200000347"
"South Carolina","Peachtree South Regional Center LLC","RC2400008126"
"South Carolina","EB5 United South Regional Center LLC","RC2300003307"
"South Dakota","EB5AN Midwest Regional Center, LLC","ID1421751842"
"South Dakota","ALC Great Plains LLC","RC2200000307"
"South Dakota","Smith Great Plains Regional Center LLC","RC2200000365"
"South Dakota","Peachtree Northeast Regional Center LLC","RC2400008877"
"Tennessee","ALC Southeast, LLC","RC2200000218"
"Tennessee","Smoky Mountain Regional Center LLC","RC2400006421"
"Tennessee","Mid America Fund LLC","RC2300004564"
"Tennessee","BC Southeast Regional Center, LLC","ID1713555548"
"Tennessee","EC Regional Center LLC","RC2300005461"
"Tennessee","Southeast Regional Center LLC","RC2300002263"
"Tennessee","Mighty Rivers Regional Center","RC23000002922"
"Tennessee","EB5AN NC and Great Lakes Regional Center, LLC","ID1403151664"
"Tennessee","American Real Estate Capital Group LLC Regional Center","RC2200000626"
"Tennessee","American Southern Regional Center, LLC","ID1527253113"
"Tennessee","Appalachian EB-5, LLC","ID1209050633"
"Tennessee","EB5 Affiliate Network Southeast Regional Center LLC f/k/a Affiliate Network State of Georgia Regional Center LLC (former name EB5 Affiliate Network Southeast Regional Center, LLC)","RC2200001155"
"Tennessee","EB5 Capital – Midwest Regional Center LLC (former name Encore Nashville RC, LLC)","RC2300003502"
"Tennessee","KOIT Global Investments","ID1511852678"
"Tennessee","LD Capital SE Regional Center, LLC","ID1622654384"
"Tennessee","Live in America - South Regional Center LLC","ID1331851281"
"Tennessee","Piedmont Regional Center, Inc.","ID1400251561"
"Tennessee","Pine State Regional Center, LLC","ID1330951265"
"Tennessee","Reentry Regional Center South, LLC","RC2200001375"
"Tennessee","Smith Delta Regional Center, LLC","RC2400008710"
"Tennessee","Dhanani EB-5 International, LLC","RC2400008818"
"Tennessee","CMB Regional Centers South LLC","RC2200000347"
"Tennessee","Peachtree South Regional Center LLC","RC2400008126"
"Tennessee","EB5 United South Regional Center LLC","RC2300003307"
"Texas","Investment Fund of America, LLC","RC2300002637"
"Texas","EB5 Capital – Texas Regional Center, LLC","RC2300004915"
"Texas","Civitas Central Regional Center, LLC","RC2300002995"
"Texas","Smith Texarkana Regional Center, LLC","RC2300003396"
"Texas","Asian Physicians & Professional EB5 Regional Center LLC","RC2300005502"
"Texas","Biz51 Group Regional Center LLC","RC2300003696"
"Texas","Green Pathway Regional Center, LLC","RC2300004593"
"Texas","EB-5 Inc Regional Center, LLC","RC2400009214"
"Texas","Southeast Regional Center LLC","RC2300002263"
"Texas","Crescent Regional Center, LLC","ID1330451258"
"Texas","Mid-America Rural Development Inc.","RC2200001268"
"Texas","Champion EB5 Regional Center LLC","RC2400008335"
"Texas","Smith Delta Regional Center, LLC","RC2400008710"
"Texas","Abasto Regional Center","ID1318251169"
"Texas","ADF Texas Regional Center, LLC","RC2300003820"
"Texas","American Lending Center Southwest LLC","RC2200000169"
"Texas","American Regional Center, LLC","ID1116750230"
"Texas","American Vision Regional Center","ID1318651172"
"Texas","American Capital Regional Center, LLC","ID1634754700"
"Texas","American Fortune Regional Center, LLC","ID1608254282"
"Texas","Ameri-Link Capital Regional Center","ID1129250338"
"Texas","Austin EB5, LLC","RC2300006041"
"Texas","CanAm Texas Regional Center","ID1503352583"
"Texas","Central Regional Center, LLC","RC2300005192"
"Texas","Central Southern Regional Center (former name USA South Regional Center)","ID1428151909"
"Texas","City of Dallas RC (CDRC)","ID1031910157"
"Texas","Civitas - El Paso","ID1232050814"
"Texas","Civitas Texas Regional Center","ID1125250305"
"Texas","CMB Texas, LLC","ID1227850774"
"Texas","Dhanani EB-5 International, LLC","RC2400008818"
"Texas","DC Partners LLC","RC2200000025"
"Texas","EB5AN Southwest Regional Center LLC","ID2200000238"
"Texas","iLand EB5 Regional Center, LLC","RC2400009236"
"Texas","Encore Texas RC, LLC (ETRC)","ID1225550757"
"Texas","UCDA North Texas Regional Center, LLC","ID1216750689"
"Texas","GS SA EB5 LLC","RC2300004741"
"Texas","Great Southwest Regional Center, LLC","ID1034750118"
"Texas","Great Texas Regional Center, LLC","ID1034250068"
"Texas","Greater Sulphur Springs Regional Center, LLC","RC2300003440"
"Texas","Guardian Regional Center, LLC","ID1527453277"
"Texas","Gulf States Regional Center, LLC","ID1201750575"
"Texas","Harmonia Regional Center, LLC","ID1418451798"
"Texas","Houston EB 5 Regional Center (former name DC Partners Regional Center)","ID1031910057"
"Texas","JMIR Texas Mega Metro Regional Center, LLC","ID1406651700"
"Texas","LCR Dallas Metro Regional Center, LLC","RC2200000250"
"Texas","Lighthouse Regional Center, LLC","ID1635154776"
"Texas","Live in America - Texas Regional Center LLC","ID1235450902"
"Texas","Makaan Regional Center, LLC","ID1031910039"
"Texas","McAllen EB-5 Regional Center","ID1031910072"
"Texas","National EB-5 Wealth Center, LLC","ID1709455475"
"Texas","NM Texas Land and Property Developers LLC","RC2300002614"
"Texas","North Texas EB-5 Regional Center LLC","ID1031910203"
"Texas","Quality EB5 Inc.","RC2400008677"
"Texas","Robstown Improvement Development Corporation EB-5 Regional Center","ID1033650023"
"Texas","Global Crossing, LLC (former name Smith Mountain Regional Center, LLC)","RC2400011127"
"Texas","Southern Opportunity Regional Center LLC","ID1419651808"
"Texas","Star of Texas Regional Center","ID1031910197"
"Texas","Gia Capital LLC","ID1720855585"
"Texas","Texan Regional Center, LLC","ID1331251277"
"Texas","Texas Coast Regional Center Corporation","ID1509651743"
"Texas","Texas Crown Regional Center, LLC","RC2300001452"
"Texas","Texas Growth Fund Regional Center, LLC","ID1400651622"
"Texas","Texas Regional Center, LLC","ID1224050740"
"Texas","Texas Regional Fortune Center, LLC","ID1213750656"
"Texas","Texas Regional Investment Center","ID1517352753"
"Texas","State Wide EB-5 Regional Center LLC","RC2300005020"
"Texas","The Winners Regional Center LLC","RC2400009034"
"Texas","Urban Heights TX EB5 Regional Center, LLC","RC2400009335"
"Texas","USA Education Fund LLC","RC2200001404"
"Texas","USLiving Regional Center","ID1313651139"
"Texas","Vistar's EB-5 Business Alliance of Texas LLC","ID1416451780"
"Texas","West Bridge Regional Center, LLC","ID1434952105"
"Texas","CMB Regional Centers South LLC","RC2200000347"
"Texas","Peachtree South Regional Center LLC","RC2400008126"
"Texas","Southwest EB5 Regional Center LLC","RC2400009661"
"U.S. Virgin Islands (USVI)","United States Virgin Islands Regional Center LLC (former name American Islands Regional Center)","ID1527253105"
"Utah","BC West Coast Regional Center LLC","RC1713555547"
"Utah","CanAm Mountain States Regional Center, LLC","RC2300003017"
"Utah","Civitas Mountain Regional Center","RC2300003865"
"Utah","Investment Fund of America, LLC","RC2300002637"
"Utah","LCP Southwest Regional Center LLC","RC2400006580"
"Utah","First America Southwest, LLC","RC2300002464"
"Utah","Monterey Northern California Regional Center, LLC","ID1605754265"
"Utah","Invest Idaho, LLC","RC2300003970"
"Utah","Newlifeplan LTD","RC2300002650"
"Utah","EB5 United Rockies Regional Center LLC","RC2200000443"
"Utah","Mid-America Rural Development Inc.","RC2200001268"
"Utah","ALC Rocky Mountain LLC","RC2200000299"
"Utah","EB5AN Rocky Mountain Regional Center LLC","ID2200000438"
"Utah","EB5 Capital – Mountain Regional Center LLC","RC2200000564"
"Utah","Extell Utah Regional Center","ID1527453251"
"Utah","Golden Lamp Regional Center, Inc. (former name Utah High Country Regional Center Inc.)","ID1102650151"
"Utah","Mountain States Center for Foreign Investment (MSC)","ID1031910191"
"Utah","Smith Rockies Regional Center LLC","RC2200001021"
"Utah","Smith Western Regional Center (former name Western Pacific Regional Center)","ID1418251794"
"Utah","Utah Global Investments, LLC","ID1603554246"
"Utah","CMB Regional Centers West LLC","RC2200000270"
"Utah","Southwest EB5 Regional Center LLC","RC2400009661"
"Vermont","CanAm Northeast Regional Center, LLC","RC2300003285"
"Vermont","EB5AN Northeast Regional Center, LLC","ID1404251680"
"Vermont","New England Regional Center for Economic Development Inc.","RC2300005127"
"Vermont","Century Regional Center, LLC (former name Century New York City Regional Center)","RC2300005527"
"Vermont","ALC New England LLC","RC2200000451"
"Vermont","Green Mountains Regional Center, LLC","ID1731055631"
"Vermont","Smith New England Regional Center LLC","RC2200000340"
"Vermont","Vermont Agency of Commerce and Community Development","ID1031910148"
"Vermont","Peachtree Northeast Regional Center LLC","RC2400008691"
"Vermont","CMB Regional Centers Northeast LLC","RC2400008351"
"Virginia","ALC Southeast, LLC","RC2200000218"
"Virginia","CanAm Greater Washington Regional Center LLC (former name American Lending Center Virginia, LLC)","RC2300001489"
"Virginia","Civitas Southeast Regional Center LLC","RC2300003501"
"Virginia","Smith Central Atlantic Regional Center, LLC","RC2200000367"
"Virginia","EB-5 Visa Guide Regional Center LLC","RC2400009048"
"Virginia","Milou Chesapeake Regional Center LLC (former name Oriental Dolphin EB-5 Regional Center)","ID1034850134"
"Virginia","EB5AN NC and Great Lakes Regional Center, LLC","ID1403151664"
"Virginia","American Heritage Regional Center, LLC","ID1525452912"
"Virginia","BC East Coast Regional Center LLC","ID1114050206"
"Virginia","CanAm New York Metropolitan Regional Center, LLC (former name New York Metropolitan Regional Center)","ID1227250772"
"Virginia","CMB Pennsylvania Regional Center, LLC","ID1234850855"
"Virginia","New York EB5, LLC (former name Smith Atlantic Regional Center LLC) (former name Atlantic Coast Regional Center, LLC)","RC2300005095"
"Virginia","Chesapeake Regional Center, LLC","ID1306051099"
"Virginia","EB5 Capital - DC Regional Center","RC2200000001"
"Virginia","EB5AN D.C. and Carolinas Regional Center LLC","ID1421751841"
"Virginia","Greystone EB5 Northeast RC, LLC","ID1512652685"
"Virginia","Live in America - Washington D.C./Baltimore Regional Center LLC","ID1304651086"
"Virginia","Maryland Center for Foreign Investment, LLC","ID1031910002"
"Virginia","Maryland Global Regional Center, LLC","ID1335851436"
"Virginia","Northeast Regional Center, Inc.","ID1328051229"
"Virginia","CMB Regional Centers South LLC","RC2200000347"
"Virginia","Peachtree South Regional Center LLC","RC2400008126"
"Virginia","EB5 United South Regional Center LLC","RC2300003307"
"Washington","CanAm California Regional Center LLC (former name CanAm Los Angeles Conty Regional Center and Los Angeles Film Regional Center)","ID1031910146"
"Washington","Civitas Pacific Regional Center LLC","RC2300003456"
"Washington","Live in America – California Regional Center LLC","RC2200001261"
"Washington","Pacific Coast USA Regional Center LLC","RC2300002990"
"Washington","Pine State Regional Center Northwest LLC","RC2400009046"
"Washington","SPI EB5 Pacific RC, LLC","RC2200000409"
"Washington","EB5 United Rockies Regional Center LLC","RC2200000443"
"Washington","ALC West LLC","RC220000407"
"Washington","American Dream Group, LLC Regional Center","ID1533853501"
"Washington","American Dream Fund Seattle Regional Center, LLC","ID1632254539"
"Washington","American Family Regional Center","ID1506452615"
"Washington","American Life Inc. Regional Center - Seattle (Golden Rainbow & Gateway Freedom Fund","ID1031910127"
"Washington","American NW Regional Center, LLC","ID1315451155"
"Washington","AmWealth, LP","ID1305651094"
"Washington","Cascadia Regional Center","ID1534153510"
"Washington","Coastline Regional Center","ID1515352733"
"Washington","Columbia International Finance, LLC (former name Columbia International Finance Washington)","ID1509651745"
"Washington","EB5 Affiliate Network States of Washington and Oregon Regional Center, LLC","ID1421751843"
"Washington","EB-5 Blaine Tomorrow Regional Center, LLC","ID1219950707"
"Washington","EB5 Capital - California Regional Center","ID1217050690"
"Washington","EB5 Land Regional Center","ID1507652629"
"Washington","Fairhaven Capital Advisors Regional Center","ID1514752728"
"Washington","Farm for America Regional Center","ID1031910018"
"Washington","Greystone EB5 Northwest RC","ID1722355590"
"Washington","Jabooda Regional Center, LLC","RC2300003417"
"Washington","NewGen WA Regional Center, LLC","RC200000256"
"Washington","North American Asset Management Regional Center, LLC","ID1527253119"
"Washington","Pacific Northwest EB-5 Regional Center","ID1034750117"
"Washington","Pacific Northwest Investment RC, LLC","ID1313351135"
"Washington","Path America KingCo, LLC","ID1031910033"
"Washington","Path America Sonoco, LLC","ID1031910032"
"Washington","Phoenix Pacific LLC","ID1635754958"
"Washington","Principal Regional Center, LLC","ID1635854986"
"Washington","Propet American Dream, LLC","ID1618454352"
"Washington","Redwood Regional Center, LLC","ID1634954742"
"Washington","Seattle Area Regional Center, LLC","ID1306351100"
"Washington","Seattle Family Regional Center","ID1031910035"
"Washington","Seattle Regional Center","ID1031910059"
"Washington","Smith Western Regional Center (former name Western Pacific Regional Center)","ID1418251794"
"Washington","United States Pacific Northwest LLC","RC2400008844"
"Washington","USASIA Pacific, Inc.","ID1511152669"
"Washington","West Coast EB5 Regional Center, LLC","ID1635654888"
"Washington","West Washington United, LLC","ID1031910045"
"Washington","WWUV Woodinville Regional Center","ID1135350401"
"Washington","Yareton Investment Funds Regional Center","ID1120950251"
"Washington","Yellow Rock Regional Center of Washington, LLC","ID1502652574"
"Washington","Zephyrus Regional Center LLC","ID1636255049"
"Washington","CMB Regional Centers West LLC","RC2200000270"
"Washington","EB5AN Far West Regional Center LLC","RC2200000215"
"West Virginia","ALC Southeast, LLC","RC2200000218"
"West Virginia","Civitas Southeast Regional Center LLC","RC2300003501"
"West Virginia","Smith Central Atlantic Regional Center, LLC","RC2200000367"
"West Virginia","EB-5 Visa Guide Regional Center LLC","RC2400009048"
"West Virginia","EB5 Capital - DC Regional Center","RC2200000001"
"West Virginia","Milou Chesapeake Regional Center LLC (former name Oriental Dolphin EB-5 Regional Center)","ID1034850134"
"West Virginia","EB5AN NC and Great Lakes Regional Center, LLC","ID1403151664"
"West Virginia","BC East Coast Regional Center LLC","ID1114050206"
"West Virginia","Chesapeake Regional Center, LLC","ID1306051099"
"West Virginia","CMB Pennsylvania Regional Center, LLC","ID1234850855"
"West Virginia","EB5AN D.C. and Carolinas Regional Center LLC","ID1421751841"
"West Virginia","Live in America - Washington D.C./Baltimore Regional Center LLC","ID1304651086"
"West Virginia","Maryland Global Regional Center, LLC","ID1335851436"
"West Virginia","West Virginia Regional Center, LLC","ID1226250763"
"West Virginia","CMB Regional Centers South LLC","RC2200000347"
"West Virginia","CMB Regional Centers South LLC","RC2200000347"
"West Virginia","Peachtree South Regional Center LLC","RC2400008126"
"West Virginia","EB5 United South Regional Center LLC","RC2300003307"
"Wisconsin","Blue Ribbon Regional Center, LLC","ID1113350203"
"Wisconsin","Civitas Midwest Regional Center LLC","RC2300003713"
"Wisconsin","EB5AN Midwest Regional Center, LLC","ID1421751842"
"Wisconsin","CanAm Midwest Regional Center, LLC","RC2300003481"
"Wisconsin","ALC Great Lakes LLC","RC2200000457"
"Wisconsin","American Dream Fund Chicago Regional Center, LLC","ID1423051850"
"Wisconsin","Freedom Partners Regional Center LLC","ID1304251084"
"Wisconsin","Great Lakes Regional Center, LLC","ID1322451192"
"Wisconsin","Keystone Great Lakes Regional Center, LLC","ID1527453285"
"Wisconsin","LaSalle Street Regional Center","ID1430451950"
"Wisconsin","Metropolitan Milwaukee Association of Commerce (MMAC)","ID1031910149"
"Wisconsin","Midwest Metropolitan Regional Center, Inc","ID1336051451"
"Wisconsin","Smith Central Regional Center LLC (former name Central Western Regional Center LLC) (former name USA Midwest Regional Center LLC)","ID1505552608"
"Wisconsin","Smith Great Lakes Regional Center LLC","RC2200000265"
"Wisconsin","Wisconsin EB5 Regional Center LLC","ID1125750307"
"Wisconsin","Peachtree Northeast Regional Center LLC","RC2400008877"
"Wyoming","CanAm Mountain States Regional Center, LLC","RC2300003017"
"Wyoming","Rosewood Regional Center LLC","RC2400009182"
"Wyoming","EB5 United Rockies Regional Center LLC","RC2200000443"
"Wyoming","Mid-America Rural Development Inc.","RC2200001268"
"Wyoming","ALC Rocky Mountain LLC","RC2200000299"
"Wyoming","EB5AN Rocky Mountain Regional Center LLC","ID2200000438"
"Wyoming","EB5 Capital – Mountain Regional Center LLC","RC2200000564"
"Wyoming","Smith Rockies Regional Center LLC","RC2200001021"
"Wyoming","Smith Western Regional Center (former name Western Pacific Regional Center)","ID1418251794"
"Wyoming","CMB Regional Centers West LLC","RC2200000270"